,NMI_cluster/label,ASW_label,ASW_label/batch,cell_cycle_conservation,kBET,PR-positive control,PR-negative control,PR-HKGs,PR-myeloid cells,Batch classifier
n_counts,0.9322185908582622,0.7023825347423553,0.8571418476134656,1.0,0.0234621212121213,0.9745,0.7501000000000001,0.0658999999999999,1.0,0.1331797235023042
lognorm,0.8534592059983236,0.7155386805534363,0.9001588633707456,0.4295596538257671,0.0223265993265993,0.9581,0.9879,1.0,1.0,0.1142857142857142
pearson,0.8360318642112723,0.7256952375173569,0.9072007895787316,0.6136275302735855,0.0653383838383838,0.9878,0.9807,1.0,1.0,0.1142857142857142
seurat_lognorm,0.8876038175473128,0.7746687233448029,0.9380795050851108,0.4636349882302306,0.8147988215488216,0.9746,0.9903,1.0,1.0,0.0603686635944701
seurat_pearson,0.8896786934341486,0.7780445516109467,0.8976895221132668,0.636150402299897,0.7213476430976431,0.9946,0.9879,1.0,1.0,0.109216589861751
scgen_lognorm,0.8930280880651718,0.7906862497329712,0.9215554416253016,0.5539346558731439,0.5756178451178451,0.9998,0.9999,1.0,1.0,0.504147465437788
scgen_pearson,0.8945087573518866,0.8035173416137695,0.8660145681153324,0.6699781527554526,0.5611018518518518,0.9996,0.998,1.0,1.0,0.5138248847926267
