,collectri,granie,figr,celloracle,scglue,scenicplus
0,-0.22447126843116916,0.18510466374311793,0.18678867207977032,0.22892668475851363,0.2349205700729963,0.33327044983548626
10,-0.22471559575302688,0.1851428684678993,0.18503952567312193,0.2275746299092813,0.2253908909285119,0.33300802532277574
20,-0.2281652395877537,0.18338182652207355,0.18003596549672066,0.22475483851409847,0.2212010311506453,0.3329814511134123
50,-0.2352823395785171,0.17476466498092214,0.16422420559758968,0.20490991098981037,0.16767815663783298,0.3258493789666696
100,-0.2978823560497506,0.1460870518479167,0.11718762347101391,0.16783306096857317,0.12050159129500639,0.3040619694294709
