,ex(True)_tf(-1),ex(True)_tf(140),ex(False)_tf(-1),ex(False)_tf(140),Mean
pearson,0.16372643414161026,0.16731721837759944,0.10698154571948693,0.11036189410832233,0.13709677308675475
