,ex(True)_tf(-1),ex(True)_tf(140),ex(False)_tf(-1),ex(False)_tf(140),Mean
pearson,0.020717992474046303,0.015524253768511994,0.015306406002034655,0.013398417175040596,0.016236767354908387
