,ex(True)_tf(-1),ex(True)_tf(140),ex(False)_tf(-1),ex(False)_tf(140),Mean
pearson,-0.00978951166365451,-0.00642963002577048,-0.009686950104092805,-0.00646592001189002,-0.008093002951351954
