,ex(True)_tf(-1),ex(True)_tf(140),ex(False)_tf(-1),ex(False)_tf(140),Mean
pearson,0.2361599557134707,0.2588457466254246,0.18928112826781052,0.20800145266343037,0.22307207081753405
lognorm,0.10721677632815764,0.13585154567150537,0.05752532638322449,0.07125159398083873,0.09296131059093156
scgen_pearson,0.2829020314027771,0.2999107645845019,0.23985042286943317,0.25483146694326625,0.2693736714499946
scgen_lognorm,0.25205253358796853,0.2555302541744529,0.1622799133624146,0.16555446326143536,0.2088542910965679
seurat_lognorm,0.1304412589017114,0.1548692849372776,0.07155889718672172,0.08348414223420257,0.11008839581497833
seurat_pearson,0.24482578158700008,0.2647025416377637,0.1958760480991973,0.2137913274839065,0.2297989247019669
