,ex(True)_tf(-1),ex(True)_tf(140),ex(False)_tf(-1),ex(False)_tf(140),Mean
pearson,-0.0328201232308915,-0.01340267003003414,-0.03339149755455884,-0.012099113769925647,-0.022928351146352534
lognorm,-0.03333602809650205,-0.011900033297934268,-0.03367308893543797,-0.011804304900558376,-0.022678363807608168
scgen_pearson,-0.0334855922700963,-0.013927542987302968,-0.033793465485334365,-0.012136509277421489,-0.023335777505038784
scgen_lognorm,-0.033073037236433594,-0.01206892904116847,-0.03282143073256967,-0.011888597479215782,-0.02246299862234688
seurat_lognorm,-0.03367850181868643,-0.01191323476434627,-0.033517667623502785,-0.011734678684090423,-0.022711020722656475
seurat_pearson,-0.03245717242530285,-0.013733507090658405,-0.034133579794874754,-0.01227689152734815,-0.02315028770954604
