,ex(True)_tf(-1),ex(True)_tf(140),ex(False)_tf(-1),ex(False)_tf(140),Mean
pearson,0.18793191323041658,0.20549475698187294,0.12532097964419472,0.13197851252813791,0.16268154059615553
lognorm,0.13298431552350667,0.15144930935353396,0.05417534117928368,0.06064701329993069,0.09981399483906375
scgen_pearson,0.21702840172325324,0.23306420005329792,0.15285885969012974,0.16007347788051865,0.19075623483679988
scgen_lognorm,0.27623232068213377,0.29209286343568797,0.1370284925287955,0.14325397427600306,0.2121519127306551
seurat_lognorm,0.1546767185210868,0.17283071639044478,0.06481908775206228,0.07160043908684414,0.1159817404376095
seurat_pearson,0.19591227061906122,0.2161447565186875,0.13018558865702823,0.13720827614237177,0.16986272298428717
