,ex(True)_tf(-1),ex(True)_tf(140),ex(False)_tf(-1),ex(False)_tf(140),Mean
pearson,0.18489660945777422,0.1860277582728589,0.0938024892898818,0.09346481328871857,0.13954791757730836
lognorm,0.14612114908207782,0.14685576662149888,0.052956239369226235,0.05274524517913453,0.09966960006298436
scgen_pearson,0.2179358435990309,0.21953427957202526,0.11665383015130229,0.11676439734823034,0.16772208766764718
scgen_lognorm,0.2719308773267838,0.27325397467489587,0.11868259749487356,0.11828765406939479,0.195538775891487
seurat_lognorm,0.16617210647540193,0.1668934851908782,0.06152796983728828,0.06132020769475131,0.11397844229957993
seurat_pearson,0.20286331522127454,0.20399311459427003,0.10085192601822054,0.10005412576796427,0.15194062040043235
