,ex(True)_tf(-1),ex(True)_tf(140),ex(False)_tf(-1),ex(False)_tf(140),Mean
pearson,0.22907554555305967,0.2238757839136381,0.17143269509448947,0.16837059058570786,0.1981886537867238
lognorm,0.09428081260111772,0.09333685333281261,0.05421071891756343,0.05362427062295732,0.07386316386861276
scgen_pearson,0.26684686847892825,0.26011939423905517,0.2132268287932959,0.2088402176292546,0.23725832728513346
scgen_lognorm,0.1705820318313615,0.16890466843706367,0.11959738722820029,0.1183395751938056,0.14435591567260778
seurat_lognorm,0.1089252591400915,0.10795548676477326,0.0634409830857156,0.06276001512907955,0.08577043602991499
seurat_pearson,0.23226802943097188,0.22751342949655465,0.17278535755452074,0.1705581739101244,0.20078124759804292
