,ex(True)_tf(-1),ex(True)_tf(140),ex(False)_tf(-1),ex(False)_tf(140),Mean
pearson,-0.2224498228889794,-0.028974855894064896,-0.10233279019819363,-0.007245051737574507,-0.09025063017970311
lognorm,-0.2260280127536701,-0.03388874089803556,-0.055835035256024346,-0.0048528114467046,-0.08015115008860864
scgen_pearson,-0.20595090212872033,-0.022970503908573425,-0.10408982926504255,-0.00422640635208371,-0.084309410413605
scgen_lognorm,-0.22433599433260257,-0.029069802205698506,-0.06353150490636873,-0.0007152795362227001,-0.07941314524522312
seurat_lognorm,-0.22797887211384796,-0.032440854326645084,-0.05722979096735197,-0.00400393878659528,-0.08041336404861008
seurat_pearson,-0.23036093368784913,-0.032150401285221064,-0.10427719437460642,-0.0077883765902386996,-0.09364422648447883
