,ex(True)_tf(-1),ex(False)_tf(-1),ex(True)_tf(140),ex(False)_tf(140),Mean
pearson,0.3355824099296735,0.24722625540627602,0.3355824099296735,0.24722625540627602,0.2914043326679747
lognorm,0.13984110133626723,0.08865355332358386,0.13984110133626723,0.08865355332358386,0.11424732732992555
scgen_pearson,0.40297318786083497,0.3109198783409695,0.40297318786083497,0.3109198783409695,0.35694653310090224
scgen_lognorm,0.2800286189783712,0.20598369848991427,0.2800286189783712,0.20598369848991427,0.24300615873414275
seurat_lognorm,0.16691147677386883,0.10643538924534715,0.16691147677386883,0.10643538924534715,0.136673433009608
seurat_pearson,0.3278581783381519,0.23691028682250334,0.3278581783381519,0.23691028682250334,0.28238423258032763
