,ex(True)_tf(-1),ex(True)_tf(140),ex(False)_tf(-1),ex(False)_tf(140),Mean
pearson,0.636257510056946,0.5650176141738175,0.6345381904025017,0.5646346374496591,0.6001119880207311
lognorm,0.5190030033238754,0.29694585918460237,0.5188500731670912,0.29678025106913725,0.40789479668617656
scgen_pearson,0.6490649984721,0.580295652067443,0.6494541206664385,0.5805238090735417,0.6148346450698808
scgen_lognorm,0.842251094198935,0.7765559551101556,0.842381808400652,0.7760046065901431,0.8092983660749713
seurat_lognorm,0.5640907931049122,0.3246744555328662,0.5639417227196184,0.3245535068798297,0.44431511955930664
seurat_pearson,0.6823715677120332,0.5897373164634835,0.6804041414737793,0.5893345176898441,0.6354618858347849
