,static-theta-0.0,static-theta-0.5,static-theta-1.0,Mean
pearson,0.019518587280132157,0.11959507906406484,0.20248573527213906,0.11386646720544535
lognorm,0.020801305069828125,-1.6311741301659125e+27,-6.664539532737619e+26,-7.658760278132249e+26
scgen_pearson,0.03250630362113244,0.24488593858319682,0.5145435467763462,0.2639785963268918
scgen_lognorm,0.03406715417649624,0.2660542630064924,0.5475656253290476,0.28256234750401205
seurat_lognorm,0.025192790707058446,0.1622735173866657,0.25886661355191265,0.14877764054854561
seurat_pearson,0.027157299275817514,0.18369768365620887,0.30510379875804333,0.17198626056335656
