,static-theta-0.0,static-theta-0.5,static-theta-1.0,Mean
pearson,0.01054618135678044,0.09393643224783602,0.19300105650296467,0.09916122336919371
lognorm,0.015036519480318242,-1.7414149096138758e+27,-2.862253464047945e+27,-1.53455612455394e+27
scgen_pearson,0.023882396998491123,0.2166746627509805,0.49444930171255574,0.24500212048734246
scgen_lognorm,0.027099496597346864,0.25452478274318296,0.5462280821338783,0.27595078715813603
seurat_lognorm,0.019303031773774213,0.1555018507835472,0.26501738447152157,0.14660742234294766
seurat_pearson,0.021200680405217723,0.16930551085486817,0.3042940116803321,0.16493340098013934
