,static-theta-0.0,static-theta-0.5,static-theta-1.0,Mean
pearson,0.006616868871381436,0.05811005501831413,0.16934457130194763,0.07802383173054774
lognorm,0.009749586425820862,-1.736469854085753e+27,-2.4463326139517958e+27,-1.3942674893458497e+27
scgen_pearson,0.022738483734664118,0.21433996575549263,0.5040137243619821,0.24703072461737963
scgen_lognorm,0.023946130390743753,0.2292794786836098,0.5339252154141286,0.2623836081628274
seurat_lognorm,0.013574141710283379,0.10706589784629438,0.23366334766257826,0.118101129073052
seurat_pearson,0.015597511820754367,0.1322576866042199,0.28141171201462095,0.14308897014653174
