,static-theta-0.0,static-theta-0.5,static-theta-1.0,Mean
pearson,0.0059242744688198104,0.06082575427269569,0.17177842280632513,0.07950948384928021
lognorm,0.0067206365015147354,-1.7665782615067158e+27,-2.528926149279798e+27,-1.4318348035955046e+27
scgen_pearson,0.020625628432521838,0.20811652412937234,0.500456540554249,0.2430662310387144
scgen_lognorm,0.020964243451171264,0.22260987377184832,0.5328774102822764,0.25881717583509867
seurat_lognorm,0.010565431913169748,0.10588268612325763,0.23481030395111405,0.11708614066251381
seurat_pearson,0.013982865910332796,0.13333075649874349,0.28235361625818717,0.1432224128890878
