,static-theta-0.0,static-theta-0.5,static-theta-1.0,Mean
pearson,0.00533819019850606,0.055513925736434815,0.1662913621920565,0.07571449270899912
lognorm,0.005490421034687153,-1.7012863798019198e+27,-2.518957512979767e+27,-1.4067479642605623e+27
scgen_pearson,0.020467947998086412,0.2047857885011969,0.49812508160981134,0.24112627270303155
scgen_lognorm,0.02106211506408414,0.22013356480469012,0.5295187804497937,0.25690482010618937
seurat_lognorm,0.009234006842558557,0.09811719187387752,0.23007251754285346,0.11247457208642984
seurat_pearson,0.012234394774967301,0.12453916995168997,0.2781075002533712,0.13829368832667618
