,static-theta-0.0,static-theta-0.5,static-theta-1.0,Mean
pearson,0.01762413153079675,0.11377788087985505,0.2000004360806782,0.11046748283044333
lognorm,0.019909645199217587,-1.7003910238738604e+27,-2.211056294498293e+27,-1.3038157727907177e+27
scgen_pearson,0.03201743981422944,0.2433520781439356,0.5137876231962359,0.26305238038480033
scgen_lognorm,0.03202619273633964,0.2609068044566596,0.547869876197713,0.28026762446357073
seurat_lognorm,0.024188112536555003,0.16354948719274864,0.26259893858968,0.1501121794396612
seurat_pearson,0.027516493507367176,0.18554492644449286,0.30752623645021865,0.1735292188006929
