,static-theta-0.0,static-theta-0.5,static-theta-1.0,Mean
pearson,0.013223469621865295,0.08645287807347928,0.18675223606565738,0.09547619458700064
lognorm,0.01832644659122983,-1.716959084292751e+27,-2.388030320078765e+27,-1.368329801457172e+27
scgen_pearson,0.028336783012600727,0.2329100783808621,0.5181906925565162,0.25981251798332633
scgen_lognorm,0.03184046603857453,0.25523306578302934,0.5532279959819862,0.2801005092678634
seurat_lognorm,0.023499507128308044,0.14825301776930996,0.26088177967204507,0.14421143485655435
seurat_pearson,0.021874528569392034,0.15894126000885683,0.298865715849196,0.1598938348091483
