,static-theta-0.0,static-theta-0.5,static-theta-1.0,Mean
pearson,0.02360392930213312,0.16727635504422184,0.29762459521413587,0.16283495985349694
lognorm,0.014108156273095002,-1.7657529427687604e+25,-3.5219909982661593e+25,-1.7625813136783066e+25
scgen_pearson,0.037907723819411585,0.3030354418812445,0.6166826393432295,0.3192086016812952
scgen_lognorm,0.030771616216703816,0.276788257028921,0.5993250194197648,0.3022949642217965
seurat_lognorm,0.01769982371390609,0.1515339206245511,0.2937459199581561,0.15432655476553775
seurat_pearson,0.026911748794036437,0.20324249258468463,0.35681592070706414,0.19565672069526174
