,collectri,negative_control,positive_control,pearson_corr,portia,ppcor,grnboost2,scenic,granie,scglue,celloracle
lognorm,-0.050548298194589,-0.0437569394411202,0.082100742333461,0.0620308804638361,0.0107461904973982,0.0016113941603777,0.1185046461159174,0.0750598362886492,0.044887166668566,0.0359101525580829,0.0690661897966419
pearson,-0.0954743169530357,-0.0436003038888882,0.1634702097315251,0.2221771210352528,0.0823287724864198,0.0146584408412138,0.3326259455528746,0.1300748010908162,0.0705506376063317,0.0796709602451223,0.1676342586260596
seurat_lognorm,-0.0521592607625889,-0.0443822217634044,0.0871519940991493,0.068894683146868,0.0115057108154764,0.0021324657639552,0.1355749472463847,0.0807595085394016,0.0496398093981604,0.0396611476575422,0.0806053168678908
seurat_pearson,-0.0953430495609319,-0.0428330958704621,0.174773496508065,0.2266114453527639,0.08728733117993,0.0169137802444476,0.3398406185417666,0.1367270598258818,0.075773111271635,0.0797678661126836,0.1748732762606512
scgen_lognorm,-0.0598491652906394,-0.0449363341431871,0.1604659959255563,0.1179943928877244,0.029785292024428,0.0057623580715648,0.2632815213514969,0.1523831784170914,0.0908617574134774,0.0718001677340303,0.1532696057675773
scgen_pearson,-0.1002379221208425,-0.0445737412987961,0.1971294842676144,0.2734430192315472,0.1011098370389334,0.0179544827599727,0.4219364219702999,0.1720852771369619,0.0832983556491591,0.0998589994011973,0.2091506650999252
