,collectri,negative_control,positive_control,pearson_corr,portia,ppcor,genie3,grnboost2,scenic,scglue,celloracle
lognorm,0.1835663375098178,0.1845288441049226,0.2542579979522267,0.2300880849260669,0.1934874255295943,0.1682371922537358,0.2867178204407227,0.3308189583679883,0.2740800959942356,0.209447171037428,0.2991544315629387
pearson,0.2164191978689224,0.2122961530491636,0.3008226370536655,0.2576215417333902,0.2194561102690528,0.1984337508160338,0.3152548190145404,0.3624388218674609,0.3058302204399994,0.2345927859468942,0.3195091554546924
seurat_lognorm,0.2513665383837123,0.2538515498140721,0.3111818004221434,0.295986004047211,0.2628460314420574,0.2348147001174976,0.3516515989392202,0.4017134252693145,0.3480308019554529,0.2763369422831864,0.3689541197170051
seurat_pearson,0.3228594994413458,0.3223443518400494,0.390512586952416,0.3548464866955143,0.3222269567277591,0.3016609748998651,0.4108802760888406,0.4646833220331374,0.4125153358668831,0.3387161448120752,0.4261410228996156
scgen_lognorm,0.5447187555493312,0.5518685001024851,0.6101699584113278,0.5699993998859262,0.5520317604800283,0.5373380791491562,0.5978707778686878,0.6343713565946055,0.6068460857445797,0.5562642595407563,0.6185346641387011
scgen_pearson,0.5148960117793112,0.5059429748685357,0.584693506979962,0.5425056524281435,0.5180478237404273,0.5098741656527194,0.5765799295972913,0.6090749895633949,0.5742936713896991,0.5270760664525204,0.5801469344355473
