,ex(True)_tf(-1),ex(True)_tf(140),ex(False)_tf(-1),ex(False)_tf(140),Mean
pearson,0.21483165595366893,0.21596042431475418,0.1619350905664497,0.1614728931705176,0.1885500160013476
