,ex(True)_tf(-1),ex(True)_tf(140),ex(False)_tf(-1),ex(False)_tf(140),Mean
pearson,0.17496643049360483,0.16714350019506768,0.08296035600985308,0.08524294936343264,0.12757830901548955
