,ex(True)_tf(-1),ex(True)_tf(140),ex(False)_tf(-1),ex(False)_tf(140),Mean
pearson,0.6541715736884908,0.5630165165024239,0.6533134858416887,0.5629299978215626,0.6083578934635415
