,ex(True)_tf(-1),ex(False)_tf(-1),ex(True)_tf(140),ex(False)_tf(140),Mean
pearson,0.3037220372047385,0.21194389824184168,0.3037220372047385,0.21194389824184168,0.2578329677232901
