,ex(True)_tf(-1),ex(True)_tf(140),ex(False)_tf(-1),ex(False)_tf(140),Mean
pearson,0.3184022574195221,0.2977855249013014,0.26196285658384005,0.2374042924391407,0.27888873283595106
