,static-theta-0.0,static-theta-0.5,static-theta-1.0,Mean
scgen_pearson,0.04166923273443395,0.3083449661434849,0.5940629103009243,0.31469236972628106
