,static-theta-0.0,static-theta-0.5,static-theta-1.0,Mean
scgen_pearson,0.03082085928954972,0.2776722670521798,0.5824209589330271,0.2969713617582522
