,static-theta-0.0,static-theta-0.5,static-theta-1.0,Mean
scgen_pearson,0.02849673131876278,0.27313879591181217,0.5806537151763815,0.2940964141356522
