,static-theta-0.0,static-theta-0.5,static-theta-1.0,Mean
scgen_pearson,0.041786947000903844,0.3289291600503247,0.6448400850928873,0.3385187307147053
