,static-theta-0.0,static-theta-0.5,static-theta-1.0,Mean
scgen_pearson,0.035010907511754966,0.2907388296583887,0.5844823005774625,0.30341067924920206
