,static-theta-0.0,static-theta-0.5,static-theta-1.0,Mean
scgen_pearson,0.040779728764478836,0.3001325301351237,0.5897806409873624,0.3102309666289883
