,static-theta-0.0,static-theta-0.5,static-theta-1.0,Mean
scgen_pearson,0.031191275025792203,0.27578664129787883,0.5824482787772427,0.29647539836697123
