,static-theta-0.0,static-theta-0.5,static-theta-1.0,Mean
scgen_pearson,0.03965690656151418,0.2947842565131357,0.5886529762278215,0.30769804643415716
