,ex(True)_tf(-1),ex(True)_tf(140),ex(False)_tf(-1),ex(False)_tf(140),Mean
collectri,-0.2224498228889794,-0.0289748558940648,-0.1023327901981936,-0.0072450517375745,-0.0902506301797031
granie,0.1848966094577742,0.1860277582728589,0.0938024892898818,0.0934648132887185,0.1395479175773083
figr,0.1879319132304165,0.2054947569818729,0.1253209796441947,0.1319785125281379,0.1626815405961555
celloracle,0.2290755455530596,0.2238757839136381,0.1714326950944894,0.1683705905857078,0.1981886537867238
scglue,0.2361599557134707,0.2588457466254246,0.1892811282678105,0.2080014526634303,0.223072070817534
scenicplus,0.3355824099296735,0.3355824099296735,0.247226255406276,0.247226255406276,0.2914043326679747
negative_control,-0.0328201232308915,-0.0134026700300341,-0.0333914975545588,-0.0120991137699256,-0.0229283511463525
positive_control,0.636257510056946,0.5650176141738175,0.6345381904025017,0.5646346374496591,0.6001119880207311
