,ex(False)_tf(-1),ex(True)_tf(-1),Mean
ppcor,0.026543318375422308,0.017685271794958237,0.02211429508519027
genie3,0.17219947032152058,0.32072907384084254,0.24646427208118155
grnboost2,0.1957708809592678,0.3503113135044105,0.27304109723183917
portia,0.011167597505622264,0.03175975378794046,0.02146367564678136
