,ex(True)_tf(-1),ex(True)_tf(140),ex(False)_tf(-1),ex(False)_tf(140),Mean
collectri,0.0093732300307977,0.0089919824140653,0.0126913687330186,0.0122248980928756,0.0108203698176893
granie,0.0691957078102882,0.0692018803346069,0.035702012274892,0.0358918744548918,0.0524978687186697
figr,0.0682008561744157,0.073620928309018,0.0497785230472934,0.0512306625916022,0.0607077425305823
celloracle,0.0862753040850198,0.0829824433511004,0.0655922807845933,0.0655821064725053,0.0751080336733047
scglue,0.1608798061976717,0.1348084408912712,0.1294416376862305,0.1139908523838682,0.1347801842897604
scenicplus,0.1535404722679257,0.1535404722679257,0.1204173686626514,0.1204173686626514,0.1369789204652886
negative_control,-0.0003902874632843,-0.0001880226460373,-0.0005241561668011,-9.035738016250506e-05,-0.0002982059140713
positive_control,0.5486465726915958,0.4375040350367994,0.5477762170106504,0.4373503501155281,0.4928192937136434
