,ex(True)_tf(-1),ex(True)_tf(140),ex(False)_tf(-1),ex(False)_tf(140),Mean
collectri,0.0202072197150856,0.0151792029450354,0.0153247684838678,0.01327814139118,0.0159973331337922
granie,0.1750233122868627,0.1671933005050451,0.0830452964117525,0.0852441253632863,0.1276265086417366
figr,0.1621973085385328,0.1658999513379105,0.1068483437124852,0.1101685028217124,0.1362785266026603
celloracle,0.2137431740962866,0.2150173944067515,0.1619951229455981,0.1614321898066348,0.1880469703138177
scglue,0.3157973635447171,0.2957206376416406,0.2613740804564036,0.237255736195365,0.2775369544595316
scenicplus,0.3022879240255382,0.3022879240255382,0.2114292879106715,0.2114292879106715,0.2568586059681049
negative_control,-0.0092588280832701,-0.0052351034898786,-0.009292065431332,-0.0060205067760357,-0.0074516259451291
positive_control,0.6478239379514882,0.5554138200071971,0.6469763165720844,0.5551928636054732,0.6013517345340608
