,static-theta-0.0,static-theta-0.5,static-theta-1.0,Mean
collectri,0.0308208592895497,0.2776722670521798,0.5824209589330271,0.2969713617582522
granie,0.0284967313187627,0.2731387959118121,0.5806537151763815,0.2940964141356522
figr,0.0396569065615141,0.2947842565131357,0.5886529762278215,0.3076980464341571
celloracle,0.0350109075117549,0.2907388296583887,0.5844823005774625,0.303410679249202
scglue,0.0407797287644788,0.3001325301351237,0.5897806409873624,0.3102309666289883
scenicplus,0.0416692327344339,0.3083449661434849,0.5940629103009243,0.314692369726281
negative_control,0.0311912750257922,0.2757866412978788,0.5824482787772427,0.2964753983669712
positive_control,0.0417869470009038,0.3289291600503247,0.6448400850928873,0.3385187307147053
