,static-theta-0.0,static-theta-0.5,static-theta-1.0,Mean
negative_control,0.019674967161088897,0.20729612352838142,0.5028037678397727,0.24325828617641432
granie,0.022738483734664118,0.21422865330558385,0.5077639866470445,0.24824370789576414
figr,0.02834536775382266,0.23405479457384903,0.5195863504571012,0.26066217092825766
scglue,0.03249957429016762,0.24410184559413461,0.515580093832495,0.26406050457226576
scenicplus,0.03201748802702221,0.24454852584861417,0.5141279899451225,0.26356466794025296
celloracle,0.02368178267598864,0.217247029913065,0.4955651707152258,0.2454979944347598
collectri,0.020827193831685638,0.21007451102127053,0.5026448242306127,0.24451550969452296
positive_control,0.037907723819411585,0.3030354418812445,0.6166826393432295,0.3192086016812952
