,static-theta-0.0,static-theta-0.5,static-theta-1.0
negative_control,0.5860613240278816,0.736895553739438,0.8270575755097996
collectri,0.5905282420720593,0.743785071776151,0.8293478577880905
figr,0.7603229994823288,0.7731018920860334,0.8290976730572414
celloracle,0.6839152893210093,0.7703370393367192,0.8293715742181181
granie,0.5683549195362346,0.7371274309572458,0.8294928847855604
scglue,0.7615648719451612,0.7861172112284434,0.8340459990351633
scenicplus,0.7666178602960843,0.7956102658087176,0.8372138366770451
positive_control,0.8041745148499228,0.8103837869005822,0.8459055981173559
