,static-theta-0.0,static-theta-0.5,Mean
portia,0.4613900896965854,0.5356817006846172,0.49853589519060126
grnboost2,0.5698313884400017,0.5807982069441328,0.5753147976920672
ppcor,0.41381607449508195,0.523125551839719,0.46847081316740047
genie3,0.5755502170138002,0.5785391075022098,0.577044662258005
