,static-theta-0.0,static-theta-0.5,static-theta-1.0
negative_control,0.3337526173224141,0.48786776496745754,0.655013740286573
collectri,0.34531303236407324,0.49641023068132173,0.6571142848191851
figr,0.5116440436827199,0.5632114401922438,0.6761078504364885
celloracle,0.4294849781173558,0.541499360342628,0.6642460303406212
granie,0.3544396678493797,0.5044177715651014,0.6605163471840545
scglue,0.5765339952649285,0.6040805663804709,0.6794258836107363
scenicplus,0.5536421380554007,0.596577026512894,0.6784015125282612
positive_control,0.720075471654595,0.6811031647437855,0.7162455250915696
