,ex(True)_tf(-1),ex(True)_tf(140),ex(False)_tf(-1),ex(False)_tf(140),Mean,static-theta-0.0,static-theta-0.5,static-theta-1.0,Mean
seurat_pearson,0.2242180109004816,0.21776592565261343,0.1665156547227075,0.16853889724347143,0.1942596221298185,0.027381054897475,0.1813372346669239,0.2535697724565813,0.1540960206736601
scgen_pearson,0.2709538299599092,0.25918873001672643,0.218486396266098,0.2120311073529412,0.2401650158989187,0.0320950685087127,0.2636636823488589,0.5335704219511738,0.2764430576029151
scgen_lognorm,0.19306600397853702,0.1978333896112939,0.13505144574469208,0.13801326999610417,0.1659910273326568,0.0357304867276118,0.2894480780844532,0.5670337155924686,0.2974040934681779
seurat_lognorm,0.11004292204456026,0.11294119737093901,0.06386435448624914,0.06550329614632898,0.08808794251201935,0.02188032816139,0.1415000223661524,0.1922643994261611,0.1185482499845678
lognorm,0.09562310380511586,0.09864939035084813,0.054831344598191396,0.056317007853031,0.0763552116517966,0.01676474496505,0.06,0.10,-1.5777107284460815e+27
pearson,0.22319032862606566,0.2148981138833735,0.17060764402221149,0.16583179836747258,0.19363197122478082,0.0138366203444549,0.0794750019609585,0.1098764634508899,0.0677293619187677
