,ex(True)_tf(-1),ex(True)_tf(140),ex(False)_tf(-1),ex(False)_tf(140),Mean,static-theta-0.0,static-theta-0.5,static-theta-1.0,Mean
seurat_lognorm,0.2222348682878294,0.2062649131069386,0.1185058864613623,0.10933562212335826,0.16408532249487212,0.0265834700062147,0.1445626931472082,0.1882395685435261,0.119795243898983
scgen_lognorm,0.3814784409895435,0.35281451493204613,0.24619645255116474,0.22639606716729785,0.30172136891001305,0.040587217570503,0.2955013313178606,0.5705846543039395,0.302224401064101
seurat_pearson,0.3503196812550301,0.31847928046182333,0.27880206642292527,0.25603808763553526,0.30090977894382853,0.0311862420036341,0.1777037585545099,0.244856718513312,0.151248906357152
lognorm,0.1985321211638196,0.18531160648742925,0.10292389341239483,0.0957202953360946,0.14562197909993457,0.0208016857573963,0.08,0.11,-6.905929884043367e+26
pearson,0.33218266488310655,0.30406651691915176,0.26561824833270004,0.24120489641580214,0.28576808163769013,0.0194578602911383,0.0892888616876795,0.105912782303922,0.0715531680942466
scgen_pearson,0.3938539558652981,0.35727125725586995,0.33121124982313704,0.29927193189389395,0.34540209870954974,0.0381032922262481,0.2759016676591581,0.5438236674884847,0.2859428757912969
