,ex(True)_tf(-1),ex(True)_tf(140),ex(False)_tf(-1),ex(False)_tf(140),Mean,static-theta-0.0,static-theta-0.5,static-theta-1.0,Mean
scgen_pearson,0.023227272353117095,0.016625072044711864,0.018255382803500978,0.019253706027340292,0.019340358307167557,0.0268863005647283,0.2507715339558392,0.5334579555116027,0.2703719300107234
seurat_lognorm,-0.006196905077177867,0.0027273072437374074,0.00183767256257051,0.0048670176154190095,0.0008087730861372649,0.0085322390941485,0.0866047691462499,0.1671928082347049,0.0874432721583677
lognorm,-0.009037829237004167,0.0007733327825582505,0.0007875798108641397,0.0038694391352108145,-0.0009018693770927405,0.0036591640886635,-2.1842781119401016e+27,-2.9947513891204096e+27,-1.7263431670201703e+27
pearson,0.014092532657937903,0.011212142170142986,0.010702135063183927,0.01318116604988365,0.012296993985287115,0.0022791314314519,0.0278592592451826,0.0772672016850464,0.0358018641205603
scgen_lognorm,0.004635549100477909,0.010774781449452299,0.008591063099458233,0.011784834891114374,0.008946557135125703,0.0283000862886872,0.2673809260724691,0.5593415464822703,0.2850075196144755
seurat_pearson,0.011732304120784768,0.008532024689244258,0.00826225121626866,0.01220597292005838,0.010183138236589017,0.0131673302854406,0.1256468516748905,0.2271889807084316,0.1220010542229209
