,ex(True)_tf(-1),ex(True)_tf(140),ex(False)_tf(-1),ex(False)_tf(140),Mean,static-theta-0.0,static-theta-0.5,static-theta-1.0,Mean
lognorm,0.13273868896996469,0.1347222363469769,0.05450201972898357,0.0544820205358591,0.09411124139544605,0.0195658058608044,-2.1023542924835007e+27,-2.688726406065829e+27,-1.5970268995164432e+27
pearson,0.15832632664100252,0.16392679629965087,0.11347501054157359,0.114112922341057,0.137460263955821,0.0173924812264577,0.0639145788783532,0.0991865844299934,0.0601645481782681
seurat_lognorm,0.15029171179185447,0.15233615778624074,0.06321632405910874,0.06368944198809813,0.1073834089063255,0.0268479438717242,0.1369075582147267,0.1916674881682998,0.1184743300849169
seurat_pearson,0.17103833983288672,0.17796616847322502,0.12174908199325794,0.12046667617788716,0.14780506661931422,0.030694520526932,0.1656787983037794,0.2478519341460375,0.148075084325583
scgen_pearson,0.18760396095371687,0.1944034452311214,0.14405692048008767,0.14315435785984856,0.16730467113119363,0.0378304503162057,0.2728752630401219,0.5445427387684437,0.2850828173749238
scgen_lognorm,0.2712804730087251,0.2757085724301214,0.13722135033154262,0.137732937760657,0.20548583338276152,0.0411278153239694,0.2949117549954109,0.5734588448322153,0.3031661383838652
