,ex(True)_tf(-1),ex(True)_tf(140),ex(False)_tf(-1),ex(False)_tf(140),Mean,static-theta-0.0,static-theta-0.5,static-theta-1.0,Mean
seurat_pearson,0.1985671538875243,0.17051770521528503,0.10095532698553265,0.09210853991060217,0.14053718149973604,0.0167140783574189,0.1222374249018358,0.2231024735270485,0.1206846589287677
scgen_lognorm,0.28127591602764873,0.24005508136649903,0.12800157735526632,0.11157265686501538,0.19022630790360737,0.0321477269174974,0.2700484684574717,0.5623616540548335,0.2881859498099342
scgen_pearson,0.21504923234094137,0.18166550662790196,0.11735483985100686,0.10664112434728049,0.15517767579178265,0.0272630155454898,0.2514079085867046,0.5339263288710793,0.2708657510010912
seurat_lognorm,0.1574711947755549,0.13204718443860033,0.060667324666119606,0.05285784902877705,0.10076088822726298,0.0134825046442893,0.0886512659196427,0.1639194629269501,0.0886844111636274
pearson,0.17575798459529607,0.1473437256422574,0.09236078750639835,0.08349977990749717,0.12474056941286225,0.0045486933855109,0.0188295145605202,0.070681271406406,0.0313531597841457
lognorm,0.14190095952969903,0.118488865276721,0.053596453790588014,0.0465292676176086,0.09012888655365417,0.0084719919729604,-2.342675556228636e+27,-2.8718832380553186e+27,-1.738186264761318e+27
