,ex(True)_tf(-1),ex(True)_tf(140),ex(False)_tf(-1),ex(False)_tf(140),Mean,static-theta-0.0,static-theta-0.5,static-theta-1.0,Mean
seurat_pearson,-0.01044017128928117,-0.005603579635195983,-0.009271408830135865,-0.004357926763716478,-0.007418271629582374,0.0111269630357422,0.1124756031820147,0.2220440667097468,0.1152155443091679
scgen_lognorm,-0.010591922053944262,-0.00409394119134605,-0.010078996430024785,-0.0038822631892067123,-0.007161780716130452,0.0287020277791586,0.2663854716091021,0.5610143528037663,0.2853672840640091
scgen_pearson,-0.009186789909433776,-0.005257786376584557,-0.009930670780527237,-0.005727540934342773,-0.007525697000222086,0.0274273519236309,0.2508248566002878,0.5350162838212724,0.2710894974483971
seurat_lognorm,-0.008807866831678817,-0.005267321360159429,-0.009436230444787103,-0.00514110699412051,-0.007163131407686465,0.0076120769410006,0.0779209825615898,0.1625677355071076,0.0827002650032327
lognorm,-0.009061727896878475,-0.004939606548521462,-0.009027397935110593,-0.0049691466557962825,-0.006999469759076703,0.0031084742317275,-2.2340185624205668e+27,-2.540364794715312e+27,-1.5914611190452928e+27
pearson,-0.009256907763213895,-0.005089443817770804,-0.010044087279106138,-0.004732430192843316,-0.007280717263233538,0.0006313332491718,0.0154779703412676,0.0667452733981644,0.0276181923295346
