,ex(True)_tf(-1),ex(True)_tf(140),ex(False)_tf(-1),ex(False)_tf(140),Mean,static-theta-0.0,static-theta-0.5,static-theta-1.0,Mean
seurat_pearson,-0.010440171,-0.00560358,-0.009271409,-0.004357927,-0.007418272,0.011126963,0.112475603,0.222044067,0.115215544
scgen_lognorm,-0.010591922,-0.004093941,-0.010078996,-0.003882263,-0.007161781,0.028702028,0.266385472,0.561014353,0.285367284
scgen_pearson,-0.00918679,-0.005257786,-0.009930671,-0.005727541,-0.007525697,0.027427352,0.250824857,0.535016284,0.271089497
seurat_lognorm,-0.008807867,-0.005267321,-0.00943623,-0.005141107,-0.007163131,0.007612077,0.077920983,0.162567736,0.082700265
lognorm,-0.009061728,-0.004939607,-0.009027398,-0.004969147,-0.00699947,0.003108474,1.00E-02,6.00E-02,#NAME?
pearson,-0.009256908,-0.005089444,-0.010044087,-0.00473243,-0.007280717,0.000631333,0.01547797,0.066745273,0.027618192
