,ex(True)_tf(-1),ex(True)_tf(140),ex(False)_tf(-1),ex(False)_tf(140),Mean,static-theta-0.0,static-theta-0.5,static-theta-1.0,Mean
seurat_pearson,0.673205109,0.560406958,0.674367275,0.562699696,0.617669759,0.028199906,0.195636356,0.305145626,0.176327296
scgen_lognorm,0.730313628,0.507536746,0.731188294,0.507365027,0.619100924,0.036116649,0.306845097,0.618004794,0.32032218
pearson,0.648552822,0.558560295,0.647024363,0.557972196,0.603027419,0.023777765,0.141546328,0.217508166,0.127610753
lognorm,0.28397494,0.186578822,0.283922715,0.186597461,0.235268485,0.013461901,1.20E-01,2.00E-01,0
seurat_lognorm,0.329135964,0.199970934,0.329079658,0.199759341,0.264486474,0.018514603,0.14447825,0.238064406,0.133685753
scgen_pearson,0.734838499,0.536563063,0.73320795,0.538178232,0.635696936,0.03924742,0.308731597,0.608477547,0.318818855
