,ex(True)_tf(-1),ex(True)_tf(140),ex(False)_tf(-1),ex(False)_tf(140),Mean,static-theta-0.0,static-theta-0.5,static-theta-1.0,Mean
seurat_pearson,0.6732051089005786,0.5604069578736991,0.6743672746214885,0.5626996956819246,0.6176697592694227,0.0281999060182867,0.1956363562519165,0.3051456260570663,0.1763272961090899
scgen_lognorm,0.7303136278353851,0.5075367463118257,0.7311882943070609,0.5073650268566336,0.6191009238277263,0.0361166491586652,0.3068450973181819,0.6180047938356189,0.3203221801041553
pearson,0.6485528215383606,0.5585602954923046,0.6470243628201453,0.5579721962717228,0.6030274190306333,0.0237777653434938,0.1415463282016154,0.2175081663835953,0.1276107533095682
lognorm,0.2839749395489971,0.18657882177072818,0.2839227153461609,0.18659746140663003,0.23526848451812907,0.0134619006876212,-6.857283717648958e+24,-6.964804483386267e+24,-4.607362733678408e+24
seurat_lognorm,0.3291359635247409,0.19997093374135663,0.3290796575128366,0.19975934087946126,0.26448647391459884,0.0185146027211627,0.1444782503129213,0.2380644063182563,0.1336857531174468
scgen_pearson,0.7348384986407629,0.5365630630499864,0.7332079496217166,0.5381782317035572,0.6356969357540058,0.0392474200672235,0.3087315973555546,0.6084775470019699,0.3188188548082493
