,ex(True)_tf(-1),ex(False)_tf(-1),ex(True)_tf(140),ex(False)_tf(140),Mean,static-theta-0.0,static-theta-0.5,static-theta-1.0,Mean
lognorm,0.12957106497679666,0.08136999322293015,0.12957106497679666,0.08136999322293015,0.1054705290998634,0.0210954754637448,-2.037817396160155e+27,-2.5773456713992974e+27,-1.5383876891864843e+27
seurat_lognorm,0.15286099963052668,0.09577192321999356,0.15286099963052668,0.09577192321999356,0.12431646142526012,0.0270680801371684,0.1549854644651051,0.1965446203792446,0.1261993883271727
pearson,0.3002534539661059,0.21934493426664653,0.3002534539661059,0.21934493426664653,0.2597991941163762,0.021031889927045,0.0965881600998766,0.1129588644720947,0.0768596381663388
scgen_lognorm,0.2805823767543315,0.20286537284016565,0.2805823767543315,0.20286537284016565,0.2417238747972486,0.0411318169960255,0.3017405618786034,0.5747853243584049,0.305885901077678
scgen_pearson,0.3728288310888743,0.2834426808303939,0.3728288310888743,0.2834426808303939,0.32813575595963407,0.0392005469371745,0.2838216280717304,0.5455471473536474,0.2895231074541841
seurat_pearson,0.2902746300495455,0.20687535344289482,0.2902746300495455,0.20687535344289482,0.24857499174622016,0.0316926175946137,0.1863166603982617,0.2543946317686058,0.1574679699204937
